Type,Name,Request Count,Failure Count,Median Response Time,Average Response Time,Min Response Time,Max Response Time,Average Content Size,Requests/s,Failures/s,50%,66%,75%,80%,90%,95%,98%,99%,99.9%,99.99%,100%
GET,/,911,0,3,3.131100051592159,1.8194559999926696,13.361193000008598,263.0,15.437379437482413,0.0,3,3,3,3,4,4,5,5,13,13,13
,Aggregated,911,0,3,3.131100051592159,1.8194559999926696,13.361193000008598,263.0,15.437379437482413,0.0,3,3,3,3,4,4,5,5,13,13,13
