Type,Name,Request Count,Failure Count,Median Response Time,Average Response Time,Min Response Time,Max Response Time,Average Content Size,Requests/s,Failures/s,50%,66%,75%,80%,90%,95%,98%,99%,99.9%,99.99%,100%
GET,/,915,0,3,2.8768492065575826,1.7569420000143054,15.978326000009702,263.0,15.493449562634694,0.0,3,3,3,3,3,4,5,5,16,16,16
,Aggregated,915,0,3,2.8768492065575826,1.7569420000143054,15.978326000009702,263.0,15.493449562634694,0.0,3,3,3,3,3,4,5,5,16,16,16
