Type,Name,Request Count,Failure Count,Median Response Time,Average Response Time,Min Response Time,Max Response Time,Average Content Size,Requests/s,Failures/s,50%,66%,75%,80%,90%,95%,98%,99%,99.9%,99.99%,100%
GET,/,916,0,2,2.3606617794757954,1.7338300000062645,11.744950999997172,263.0,15.517649288192041,0.0,2,2,2,3,3,3,4,4,12,12,12
,Aggregated,916,0,2,2.3606617794757954,1.7338300000062645,11.744950999997172,263.0,15.517649288192041,0.0,2,2,2,3,3,3,4,4,12,12,12
